#Section	ItemNumber	Name	Text
Hero		Eyebrow	A HOLDING OF DISTINCTION
Hero		Headline	Building Opportunities. Creating Enduring Value.
Hero		Description	StratEdge Aurum is a UAE-based holding company exploring strategic ventures, partnerships and opportunities across markets.
Hero		CTA	EXPLORE OUR VENTURES →
Hero		CTA LINK	%url%services/
Introduction		A Holding of Distinction	We bring together selected ventures under one distinguished brand, with a focus on thoughtful strategy, trusted partnerships and long-term value creation.
Introduction		Our Vision	To build a distinguished holding company recognised for strategic thinking, trusted partnerships and enduring value.
Introduction		Our Mission	To identify and develop meaningful opportunities through strategic ventures, collaboration and disciplined growth.
Our Ventures		Section Label	OUR VENTURES
Our Ventures		Section Heading	Focused Ventures. Global Outlook.
Our Ventures		Section Description	We invest our time, expertise and capital in ventures with strong potential and lasting impact.
Our Ventures		View All Ventures	VIEW ALL VENTURES →
Our Ventures	01	International Trading	Connecting markets through selected import, export and sourcing opportunities.
Our Ventures	01	International Trading CTA	LEARN MORE →
Our Ventures	02	Real Estate Ventures	Strategic collaborations in property, development and real estate opportunities.
Our Ventures	02	Real Estate Ventures CTA	LEARN MORE →
Our Approach		Section Label	OUR APPROACH
Our Approach		Section Heading	Principles That Drive Lasting Value.
Our Approach		Section Description	Our principles guide how we evaluate opportunities, build ventures and create enduring impact.
Our Approach	01	Systems	Strong businesses are built on strong systems. We create structures and processes that drive consistency, efficiency and operational strength.
Our Approach	02	Scalability	Growth becomes powerful when capacity can multiply. We build businesses that can expand efficiently while maintaining quality and control.
Our Approach	03	Transparency	Clear communication and straightforward relationships form the basis of how we work. We work with partners and stakeholders with clarity and integrity.
Our Approach	04	Strategic Partnerships	The right partnerships bring together complementary strengths. We build ventures with greater potential through collaboration and aligned objectives.
Our Approach	05	Enduring Value	Our focus is on building ventures and relationships capable of creating meaningful value. We aim to create impact that lasts beyond the present.
Closing CTA		Headline	We don’t just invest in businesses. We build legacies.
Closing CTA		CTA	PARTNER WITH US →
Stay Informed		Section Label	STAY INFORMED
Stay Informed		Description	Insights on strategy, markets and the future.
Stay Informed		Email Placeholder	Your email address
Stay Informed		Subscribe	SUBSCRIBE
About Us Card		Section Label	ABOUT US
About Us Card		Headline	A Different Kind of Holding.
